id,first_name,last_name,email,organization,phone,pwd_reset_required,image_url,person_id,organization_id
1068,Miguel,Parker,acampbell@flynn.org,"Miller, Davies and Shah",+44909 879 0458,False,https://dummyimage.com/787x851,,1
1074,Joseph,Pennington,adamsanne@gough.com,"Miller, Davies and Shah",969.266.0499,False,https://placekitten.com/943/135,53,1
1817,Dawn,Hernandez,alexandraroberts@yahoo.com,"Miller, Davies and Shah",+44(0)115 4960994,False,https://dummyimage.com/569x840,134,1
696,Hannah,Reed,alynch@yahoo.com,"Miller, Davies and Shah",0117 4960555,False,https://placekitten.com/795/727,,1
1769,Andrea,Walker,amybegum@hotmail.co.uk,Tucker-Brown,117.208.7824x7484,False,https://dummyimage.com/18x392,,126
1205,Judith,Graves,andrew38@flynn.com,"Robinson, Gordon and Delgado",+44(0)909 879 0302,False,https://dummyimage.com/439x165,,10
1143,Brett,Dawson,annasanders@proctor.biz,"Robinson, Gordon and Delgado",001-921-859-7148x67983,False,https://dummyimage.com/240x438,,10
1002,Susan,Dale,austinjoseph@short-thompson.com,"Robinson, Gordon and Delgado",0306 9990721,False,https://placekitten.com/525/460,,10
1747,Devin,Brown,bethanynash@hotmail.com,"Woodard, Rivera and Bailey",028 9018 0458,False,https://placekitten.com/721/1019,,11
1670,Mathew,Davidson,bethstephenson@hotmail.com,"Miller, Davies and Shah",(0118) 496 0921,False,https://placeimg.com/124/179/any,127,1
1391,Carlos,Edwards,boothalexander@mitchell.com,"Robinson, Gordon and Delgado",(0141)4960167,False,https://www.lorempixel.com/226/977,,10
1568,Brianna,Nelson,brandon57@yahoo.com,Williams-Clark,803-031-1665,False,https://dummyimage.com/715x1015,40,22
1752,Rachael,Middleton,brooksteresa@brown-lee.info,Tucker-Brown,+1-466-182-5854x8256,False,https://placeimg.com/100/598/any,,126
1764,Elizabeth,Miller,bryanburns@hooper.net,Tucker-Brown,02074960633,False,https://dummyimage.com/855x432,,126
1662,Anita,Evans,bturner@williams.com,"Miller, Davies and Shah",01154960836,False,https://placeimg.com/941/483/any,113,1
1766,Melissa,Jenkins,burtondebra@yates-davies.net,Tucker-Brown,502-945-2335,False,https://placeimg.com/937/649/any,,126
1476,Glenn,Goddard,christiantracy@phillips.com,"Miller, Davies and Shah",(480)459-3204,False,https://dummyimage.com/1023x36,,1
1483,Sharon,Brooks,christina43@faulkner.com,"Miller, Davies and Shah",+44118 4960644,False,https://placekitten.com/347/930,,1
1480,Catherine,Riley,christine95@cooper.com,"Miller, Davies and Shah",+44(0)114 4960401,False,https://placeimg.com/172/57/any,,1
1048,Anthony,Browne,cole49@montgomery.com,"Miller, Davies and Shah",+44114 496 0650,False,https://www.lorempixel.com/861/644,,1
1773,Owen,Lyons,colin45@marshall.com,Tucker-Brown,780.076.5969,False,https://www.lorempixel.com/975/646,,126
1681,Abigail,Brown,colin99@saunders.com,"Robinson, Gordon and Delgado",(029)2018867,False,https://www.lorempixel.com/274/651,,10
1049,Terence,Taylor,colleenhaynes@gray-wade.info,"Miller, Davies and Shah",944-252-4943x4229,False,https://dummyimage.com/932x119,,1
1533,John,Jones,dburke@gmail.com,Williams-Clark,(0131)4960338,False,https://dummyimage.com/129x619,25,22
1724,Sam,Whitehead,denisetaylor@gmail.co.uk,"Robinson, Gordon and Delgado",(01632)960594,False,https://placeimg.com/998/227/any,,10
938,Zoe,Sullivan,dwilliams@yahoo.com,"Miller, Davies and Shah",+1-609-915-3935x86970,False,https://placeimg.com/61/917/any,,1
1676,Susan,Boone,dylan48@williams-leach.com,"Robinson, Gordon and Delgado",(0114) 496 0490,False,https://placekitten.com/94/192,,10
1780,Catherine,Mueller,elainelewis@hotmail.com,"Miller, Davies and Shah",017-664-6494,False,https://www.lorempixel.com/801/664,128,1
1086,Patrick,Nelson,ellieholland@gmail.com,"Robinson, Gordon and Delgado",090-996-6217x39031,False,https://www.lorempixel.com/537/17,,10
1515,Gareth,Bishop,erikagutierrez@gmail.com,"Miller, Davies and Shah",0909 8790338,False,https://placeimg.com/33/36/any,,1
1142,Ann,King,francisadams@barker-atkinson.biz,"Miller, Davies and Shah",(744)712-8770,False,https://placeimg.com/118/616/any,,1
1105,Jonathan,Huber,franklinbenjamin@yahoo.com,"Robinson, Gordon and Delgado",(957)161-4681x5264,False,https://dummyimage.com/986x87,,10
1139,Valerie,Ryan,fstewart@frazier.com,"Miller, Davies and Shah",+44909 8790692,False,https://www.lorempixel.com/769/808,,1
1762,Gary,Campbell,gcameron@freeman.org,Tucker-Brown,+44(0)141 496 0539,False,https://placekitten.com/348/402,,126
1475,Dylan,Cook,gregoryjenna@pearce.biz,"Miller, Davies and Shah",678.261.8859x88381,False,https://dummyimage.com/811x183,,1
1680,Bruce,Price,griffithskaren@jones.biz,"Robinson, Gordon and Delgado",(0131)4960566,False,https://www.lorempixel.com/796/461,,10
1552,Samuel,Fletcher,guy78@taylor.info,Williams-Clark,+1-947-184-7575,False,https://www.lorempixel.com/440/295,32,22
1111,Dennis,Cordova,hallsusan@hotmail.com,"Miller, Davies and Shah",836-708-6111x367,False,https://placekitten.com/777/486,,1
1750,Courtney,Gibbons,hallwilliam@walker-graham.co.uk,Tucker-Brown,812-362-0507,False,https://placekitten.com/894/630,,126
1501,Chelsey,Rodriguez,harold90@gmail.com,"Miller, Davies and Shah",+44(0)1632 960 964,False,https://placeimg.com/374/234/any,21,1
1581,Sara,Stewart,hayesanthony@sanders-short.info,Williams-Clark,+44(0)289018950,False,https://dummyimage.com/896x605,42,22
1537,Max,Jenkins,hernandezmeghan@gmail.com,Palmer-Metcalfe,+44306 9990298,False,https://www.lorempixel.com/892/961,,2
1144,Megan,Gould,hhardy@perez.info,"Robinson, Gordon and Delgado",(951)345-8630x8494,False,https://placeimg.com/756/815/any,,10
1453,William,Gill,hhopkins@carr.net,"Robinson, Gordon and Delgado",0141 496 0076,False,https://www.lorempixel.com/666/433,,10
1204,Cameron,Walsh,hillconnie@price.net,"Robinson, Gordon and Delgado",0161 4960092,False,https://placeimg.com/196/875/any,,10
735,Tammy,Stephens,hillmindy@bautista.net,"Miller, Davies and Shah",0161 496 0997,False,https://placekitten.com/983/911,,1
1725,Catherine,Walker,hollandjessica@yahoo.com,"Robinson, Gordon and Delgado",001-111-703-6635x9500,False,https://dummyimage.com/856x838,,10
1553,Benjamin,Flynn,hsimpson@roberts.org,Williams-Clark,780-995-4351x69556,False,https://placekitten.com/951/84,39,22
1090,Brittany,Hill,hvasquez@coleman.com,"Robinson, Gordon and Delgado",+44909 8790864,False,https://dummyimage.com/673x228,,10
545,Marcus,Burke,irene77@roberts-wood.info,"Miller, Davies and Shah",571-295-5449,False,https://placekitten.com/677/601,,1
546,Linda,Brady,jacob85@murphy.biz,"Miller, Davies and Shah",(0115) 496 0345,False,https://dummyimage.com/280x58,,1
1549,Kimberly,Martinez,jameshall@williams-hunt.co.uk,Williams-Clark,(937)644-8809x82901,False,https://placeimg.com/217/649/any,,22
1765,Matthew,Frazier,jamesharris@jones-frederick.net,Tucker-Brown,(0306)9990970,False,https://dummyimage.com/149x506,,126
1753,Amanda,Davis,jgibbs@james.net,Tucker-Brown,+44141 496 0371,False,https://dummyimage.com/860x215,,126
1115,Gerard,Day,joanne19@patel.com,"Robinson, Gordon and Delgado",(020) 7496 0009,False,https://dummyimage.com/450x246,,10
1060,Anthony,Mitchell,johnsonmichelle@hotmail.co.uk,"Miller, Davies and Shah",+44117 4960724,False,https://www.lorempixel.com/902/239,17,1
1065,Jennifer,Evans,jonesirene@hotmail.co.uk,"Miller, Davies and Shah",781.871.1329,False,https://dummyimage.com/687x353,,1
1508,Ricky,Rosario,joneskristi@jackson-chang.net,Williams-Clark,(024)805-8048x0067,False,https://placekitten.com/954/140,23,22
1759,Danielle,Mistry,jose47@jones.info,Tucker-Brown,4258051007,False,https://placeimg.com/618/25/any,,126
1072,Samantha,Coleman,justindavis@whitaker.com,"Miller, Davies and Shah",0161 496 0906,False,https://placekitten.com/32/708,19,1
933,Maureen,Roberts,justinlam@adams-stephens.com,"Miller, Davies and Shah",(995)825-4542,False,https://placeimg.com/935/346/any,,1
766,Candace,Dorsey,katy93@gmail.com,"Miller, Davies and Shah",001-397-976-8584x6649,False,https://www.lorempixel.com/1010/645,,1
1772,Amy,Lynn,kelseymiller@yahoo.com,Tucker-Brown,(0306)9990649,False,https://placeimg.com/152/532/any,,126
1748,Kathryn,Hanson,khansarah@gmail.co.uk,Tucker-Brown,583-601-0176x6464,False,https://www.lorempixel.com/608/364,,126
1047,Sonya,Barry,laura98@bates.com,"Miller, Davies and Shah",(159)741-1979x0509,False,https://www.lorempixel.com/991/949,20,1
1471,Marie,Mills,linda14@hotmail.com,"Miller, Davies and Shah",(0113)4960822,False,https://dummyimage.com/300x768,,1
1571,John,Whitehead,lisamoore@brown-davis.org,Murray-Murphy,(0115) 4960518,False,https://placeimg.com/43/166/any,,9
1751,Diana,Hill,mark21@schultz-davis.biz,Tucker-Brown,+44161 4960757,False,https://www.lorempixel.com/286/415,,126
1479,William,Todd,mark97@gmail.com,"Miller, Davies and Shah",+1-119-790-5099x31782,False,https://placekitten.com/84/546,,1
1470,Nicola,Bennett,matthew24@deleon.com,"Miller, Davies and Shah",173.731.4284,False,https://placeimg.com/296/807/any,,1
1742,Angela,Thomas,mbutler@gmail.com,"Miller, Davies and Shah",0121 496 0806,False,https://placekitten.com/739/420,122,1
1664,Michael,Potter,mitchellmelissa@gmail.com,"Miller, Davies and Shah",+44(0)1154960281,False,https://placeimg.com/862/357/any,123,1
1538,Billy,Hughes,mjackson@allen-peters.com,Williams-Clark,(004)917-9366x306,False,https://www.lorempixel.com/39/144,27,22
1682,Christopher,Marsh,mossjean@yahoo.com,"Robinson, Gordon and Delgado",+44131 496 0233,False,https://placeimg.com/276/505/any,,10
1532,Derrick,Atkins,nburke@avery.net,Williams-Clark,01164960737,False,https://dummyimage.com/182x94,24,22
1091,Andrew,Valenzuela,odonnellandrea@herring-olson.net,"Robinson, Gordon and Delgado",001-274-206-6005x5045,False,https://dummyimage.com/449x238,,10
1085,Sergio,Allen,ophillips@yahoo.com,"Robinson, Gordon and Delgado",848.586.2498x212,False,https://dummyimage.com/55x142,,10
993,Joan,Pickering,paulasmith@holland.com,"Miller, Davies and Shah",0339982824,False,https://dummyimage.com/101x958,,1
1674,Gareth,Watts,pearcehelen@gmail.co.uk,"Miller, Davies and Shah",(0306) 999 0236,False,https://dummyimage.com/623x761,,1
1116,Ruth,Shaw,powelllorraine@davis.org,"Robinson, Gordon and Delgado",389.882.4095x14921,False,https://dummyimage.com/61x94,,10
998,Linda,Watson,rachael92@jones.biz,"Miller, Davies and Shah",(01632) 960431,False,https://placeimg.com/686/803/any,,1
1073,Geoffrey,Schneider,rbartlett@fuller.com,"Miller, Davies and Shah",+44113 4960497,False,https://www.lorempixel.com/71/171,18,1
1561,Angela,Oneal,reesegabriel@hotmail.com,Williams-Clark,674.471.2877,False,https://www.lorempixel.com/958/974,41,22
1565,Louise,Andrews,reynoldsvictor@gmail.com,Williams-Clark,(796)494-4252x4943,False,https://www.lorempixel.com/342/110,31,22
1818,Tony,Christian,rford@yahoo.com,"Miller, Davies and Shah",(020) 7496 0359,False,https://placeimg.com/310/190/any,133,1
1771,Amber,Perry,richardsonmark@gmail.com,Tucker-Brown,(236)903-1307x92879,False,https://placeimg.com/631/606/any,,126
1534,Alexandra,Wall,robert08@khan.com,Williams-Clark,+443069990730,False,https://placeimg.com/409/928/any,26,22
1592,Zoe,Grant,robert17@young.com,Williams-Clark,9668032151,False,https://www.lorempixel.com/586/77,51,22
1779,Joseph,Kent,robertslynda@green-day.co.uk,"Miller, Davies and Shah",01632 960 634,False,https://dummyimage.com/623x864,130,1
1754,Larry,Lewis,rsmith@gmail.com,Tucker-Brown,+44(0)117 496 0564,False,https://placeimg.com/870/110/any,,126
1685,Olivia,Dyer,sarah60@pearson.com,"Robinson, Gordon and Delgado",+4428 9018924,False,https://placekitten.com/1008/143,,10
1686,Jason,Davis,sedwards@yahoo.co.uk,"Robinson, Gordon and Delgado",(028) 9018398,False,https://dummyimage.com/286x714,,10
499,Mark,Elliott,shelbyclements@patel.com,"Miller, Davies and Shah",0909 879 0328,False,https://www.lorempixel.com/805/668,,1
1760,Craig,Jones,simpsonjade@gmail.com,Tucker-Brown,0151 4960831,False,https://placeimg.com/568/592/any,,126
1761,Timothy,Sanchez,skinnernathaniel@matthews.com,Tucker-Brown,+44(0)8081570173,False,https://placekitten.com/632/712,,126
1827,James,Duncan,staylor@sharp-ford.co.uk,"Miller, Davies and Shah",095.526.8914,False,https://dummyimage.com/561x438,136,1
1758,Michelle,Hill,stephanie15@yahoo.com,Tucker-Brown,+44117 4960867,False,https://www.lorempixel.com/963/96,,126
1551,Amanda,George,swilliams@gmail.com,Williams-Clark,(0808) 1570382,False,https://placeimg.com/709/227/any,33,22
1770,Theresa,Webb,tgrant@gmail.com,Tucker-Brown,(003)963-6110x148,False,https://placekitten.com/111/391,,126
1755,Kelly,Norman,thomascaroline@fowler.com,Tucker-Brown,110-975-4699x939,False,https://www.lorempixel.com/32/273,,126
1678,Brianna,Horton,tiffany38@buchanan.com,"Miller, Davies and Shah",(881)265-2181x19887,False,https://placeimg.com/98/338/any,124,1
1486,Kieran,Williams,tinajohn@atkinson.com,"Miller, Davies and Shah",6024805804,False,https://dummyimage.com/36x92,,1
1677,Danny,Little,tturner@mcclain-king.com,"Robinson, Gordon and Delgado",001-171-949-9572x398,False,https://placekitten.com/110/777,,10
1469,Lisa,Young,tylerrivera@hotmail.com,"Miller, Davies and Shah",399.974.7900x491,False,https://dummyimage.com/926x501,,1
1749,Bobby,Reyes,vincentbaldwin@gmail.com,Tucker-Brown,+44(0)116 4960968,False,https://dummyimage.com/127x1020,,126
531,Elizabeth,Williams,websterhoward@walker.com,"Miller, Davies and Shah",01514960935,False,https://placekitten.com/169/37,,1
1683,Melissa,Carson,wrightdenis@marshall-roberts.com,"Robinson, Gordon and Delgado",308-884-2747x85337,False,https://placeimg.com/210/817/any,,10
1691,Karl,Evans,xthomas@hill.net,"Robinson, Gordon and Delgado",(994)418-9807x578,False,https://www.lorempixel.com/207/112,,10
1104,Jamie,Edwards,zcoleman@ward.com,"Robinson, Gordon and Delgado",+44(0)116 4960468,False,https://placekitten.com/767/1011,,10
413,Mary,Sanders,zhall@smith-castillo.com,"Miller, Davies and Shah",+44(0)1632960726,False,https://dummyimage.com/978x321,,1
1795,Caroline,Mays,zsmith@carey.co.uk,"Miller, Davies and Shah",+44(0)115 496 0438,False,https://placekitten.com/566/232,135,1
